,set_id,mean_evmt,delta_evmt,type,dcfc_count,total_cost,cost_eff,
1,102,102731,0,basecase,0,0,NA,
2,104,103252.6,521.6,upgrade,5,442300,0.00117929,1.18
3,105,103197,466,upgrade,10,884600,0.000526792,0.53
4,106,103450.2,719.2,new,5,674100,0.001066904,1.07
5,107,103470.6,739.6,new,10,884600,0.000836084,0.84
6,108,106920,4189,new,5,674100,0.006214212,6.21
7,109,106936.2,4205.2,new,10,884600,0.004753787,4.75
