"","set_id","mean_evmt","delta_evmt","type","dcfc_count","total_cost","cost_eff"
"1",102,102731,0,"basecase",0,0,NA
"2",110,103150.4,419.399999999994,"upgrade",5,442300,0.00094822518652497
"3",111,103200.6,469.600000000006,"upgrade",10,884600,0.000530861406285333
"4",112,103604,873,"new",5,674100,0.00129506008010681
"5",113,103639,908,"new",10,884600,0.00102645263395885
"6",114,106671.8,3940.8,"new",5,674100,0.00584601691143748
"7",115,106717,3986,"new",10,884600,0.00450599140854624
